<?xml version="1.0" encoding="UTF-8"?>
<!DOCTYPE mapper PUBLIC "-//mybatis.org//DTD Mapper 3.0//EN" 
"http://mybatis.org/dtd/mybatis-3-mapper.dtd">

<mapper namespace="kosta.mapper.BoardMapper">
	<cache />
	
	<insert id="insertBoard" parameterType="Board">
		insert into board(
			seq, title, writer, contents, regdate, hitcount
		)values(
			board_seq.nextval, #{title}, #{writer}, #{contents}, sysdate, 0
		)
	</insert>
	
	<select id="listBoard" resultType="Board" >
		select * from board
	</select>
	
	<select id="detailBoard" parameterType="int" resultType="Board">
		select * from board where seq = #{seq}
	</select>
	
<!-- 	<update id="updateBoard" parameterType="Board">
		update board set title=#{title}, contents=#{contents}
			where seq = #{seq}
	</update> 
 -->	
</mapper>















