<?xml version="1.0" encoding="UTF-8"?>
<!DOCTYPE configuration
  PUBLIC "-//mybatis.org//DTD Config 3.0//EN"
  "http://mybatis.org/dtd/mybatis-3-config.dtd">

<configuration>
	<typeAliases>
		<typeAlias type="com.service.Board" alias="Board"/>
		<typeAlias type="com.service.ListBoard" alias ="ListBoard"/>
		<typeAlias type="com.service.Search" alias = "Search"/>
	</typeAliases>
	
	<environments default="development">
		<environment id="development">
			<transactionManager type="JDBC"/>
			<dataSource type="POOLED">
				<property name="driver" value="oracle.jdbc.driver.OracleDriver"/>
				<property name="url" value="jdbc:oracle:thin:@localhost:1521:XE"/>
				<property name="username" value="kogile"/>
				<property name="password" value="1234"/>
			</dataSource>
		</environment>		
	</environments>
	
	<mappers>
		<mapper resource="com/mapper/Board.xml"/>
		<mapper resource="com/mapper/ListBoard.xml"/>
	</mappers>
	
</configuration>
